{
    "Gauss-Newton": {
        "H0": 2103578871.5891337,
        "Omega": 0.7251011621056246,
        "nfev": 43
    },
    "Levenberg-Marquardt": {
        "H0": 8504531.119108519,
        "Omega": -748512.1381499475,
        "nfev": 61
    }
}