{"train": 0.0176743746204375, "test": 0.0272078058585743}