{
    "test_auc": {
        "Electron": 0.9848252021041312,
        "Ghost": 0.9290517662614537,
        "Kaon": 0.9093327371652824,
        "Muon": 0.985239803190229,
        "Pion": 0.9409684554782163,
        "Proton": 0.9043988538175668
    }
}